{"cameraMode":{"drawMode":0,"name":"Shaded","section":"Shading Mode"},"sceneLighting":true,"audioPlay":false,"sceneViewState":{"m_AlwaysRefresh":false,"showFog":true,"showSkybox":true,"showFlares":true,"showImageEffects":true,"showParticleSystems":true,"showVisualEffectGraphs":true,"m_FxEnabled":true},"in2DMode":false,"pivot":{"x":-1.027294635772705,"y":-0.713909924030304,"z":-0.545600950717926},"rotation":{"x":0.032385241240262988,"y":-0.02098783664405346,"z":0.0006792751955799758,"w":0.9992605447769165},"size":10.245269775390625,"orthographic":true}